number;;;;url
1;Grass;Zubat;;https://52f4e29a8321344e30ae-0f55c9129972ac85d6b1f4e703468e6b.ssl.cf2.rackcdn.com/products/pictures/1169144.jpg
2;Grass;Paras;;https://52f4e29a8321344e30ae-0f55c9129972ac85d6b1f4e703468e6b.ssl.cf2.rackcdn.com/products/pictures/1169119.jpg
3;Grass;Skiploom;;https://52f4e29a8321344e30ae-0f55c9129972ac85d6b1f4e703468e6b.ssl.cf2.rackcdn.com/products/pictures/1169132.jpg
4;Grass;Golbat;;https://52f4e29a8321344e30ae-0f55c9129972ac85d6b1f4e703468e6b.ssl.cf2.rackcdn.com/products/pictures/1169110.jpg
5;Grass;Parasect;;https://52f4e29a8321344e30ae-0f55c9129972ac85d6b1f4e703468e6b.ssl.cf2.rackcdn.com/products/pictures/1169120.jpg
6;Grass;Crobat;;https://52f4e29a8321344e30ae-0f55c9129972ac85d6b1f4e703468e6b.ssl.cf2.rackcdn.com/products/pictures/1104958.jpg
7;Grass;Jumpluff;;https://52f4e29a8321344e30ae-0f55c9129972ac85d6b1f4e703468e6b.ssl.cf2.rackcdn.com/products/pictures/1117992.jpg
8;Fire;Slugma;;https://52f4e29a8321344e30ae-0f55c9129972ac85d6b1f4e703468e6b.ssl.cf2.rackcdn.com/products/pictures/1169133.jpg
9;Fire;Magcargo;;https://52f4e29a8321344e30ae-0f55c9129972ac85d6b1f4e703468e6b.ssl.cf2.rackcdn.com/products/pictures/1169116.jpg
10;Fire;Entei;;https://52f4e29a8321344e30ae-0f55c9129972ac85d6b1f4e703468e6b.ssl.cf2.rackcdn.com/products/pictures/1095424.jpg
11;Fire;Ho-Oh;;https://52f4e29a8321344e30ae-0f55c9129972ac85d6b1f4e703468e6b.ssl.cf2.rackcdn.com/products/pictures/1095429.jpg
12;Water;Goldeen;;https://52f4e29a8321344e30ae-0f55c9129972ac85d6b1f4e703468e6b.ssl.cf2.rackcdn.com/products/pictures/1169111.jpg
13;Water;Staryu;;https://52f4e29a8321344e30ae-0f55c9129972ac85d6b1f4e703468e6b.ssl.cf2.rackcdn.com/products/pictures/1169138.jpg
14;Water;Quagsire;;https://52f4e29a8321344e30ae-0f55c9129972ac85d6b1f4e703468e6b.ssl.cf2.rackcdn.com/products/pictures/1169123.jpg
15;Water;Qwilfish;;https://52f4e29a8321344e30ae-0f55c9129972ac85d6b1f4e703468e6b.ssl.cf2.rackcdn.com/products/pictures/1169124.jpg
16;Water;Remoraid;;https://52f4e29a8321344e30ae-0f55c9129972ac85d6b1f4e703468e6b.ssl.cf2.rackcdn.com/products/pictures/1169126.jpg
17;Water;Seaking;;https://52f4e29a8321344e30ae-0f55c9129972ac85d6b1f4e703468e6b.ssl.cf2.rackcdn.com/products/pictures/1169128.jpg
18;Water;Jynx;;https://52f4e29a8321344e30ae-0f55c9129972ac85d6b1f4e703468e6b.ssl.cf2.rackcdn.com/products/pictures/1169113.jpg
19;Water;Octillery;;https://52f4e29a8321344e30ae-0f55c9129972ac85d6b1f4e703468e6b.ssl.cf2.rackcdn.com/products/pictures/1169117.jpg
20;Water;Kingdra;;https://52f4e29a8321344e30ae-0f55c9129972ac85d6b1f4e703468e6b.ssl.cf2.rackcdn.com/products/pictures/1125487.jpg
21;Water;Suicune;;https://52f4e29a8321344e30ae-0f55c9129972ac85d6b1f4e703468e6b.ssl.cf2.rackcdn.com/products/pictures/1125501.jpg
22;Water;Shining Magikarp;;https://pokeboon.com/wp-content/uploads/2018/08/shining-magikarp-star.jpg
23;Water;Shining Gyarados;;https://res.cloudinary.com/dkhwpritu/image/upload/v1556965230/modifs/neo3-levbri.jpg
24;Lightning;Chinchou;;https://52f4e29a8321344e30ae-0f55c9129972ac85d6b1f4e703468e6b.ssl.cf2.rackcdn.com/products/pictures/1169106.jpg
25;Lightning;Raichu;;https://52f4e29a8321344e30ae-0f55c9129972ac85d6b1f4e703468e6b.ssl.cf2.rackcdn.com/products/pictures/1169125.jpg
26;Lightning;Lanturn;;https://52f4e29a8321344e30ae-0f55c9129972ac85d6b1f4e703468e6b.ssl.cf2.rackcdn.com/products/pictures/1169114.jpg
27;Lightning;Flaaffy;;https://52f4e29a8321344e30ae-0f55c9129972ac85d6b1f4e703468e6b.ssl.cf2.rackcdn.com/products/pictures/1169108.jpg
28;Lightning;Ampharos;;https://52f4e29a8321344e30ae-0f55c9129972ac85d6b1f4e703468e6b.ssl.cf2.rackcdn.com/products/pictures/1104954.jpg
29;Lightning;Raikou;;https://52f4e29a8321344e30ae-0f55c9129972ac85d6b1f4e703468e6b.ssl.cf2.rackcdn.com/products/pictures/1095439.jpg
30;Psychic;Unown K;;https://52f4e29a8321344e30ae-0f55c9129972ac85d6b1f4e703468e6b.ssl.cf2.rackcdn.com/products/pictures/1169142.jpg
31;Psychic;Smoochum;;https://52f4e29a8321344e30ae-0f55c9129972ac85d6b1f4e703468e6b.ssl.cf2.rackcdn.com/products/pictures/1169134.jpg
32;Psychic;Unown B;;https://52f4e29a8321344e30ae-0f55c9129972ac85d6b1f4e703468e6b.ssl.cf2.rackcdn.com/products/pictures/1169141.jpg
33;Psychic;Unown Y;;https://52f4e29a8321344e30ae-0f55c9129972ac85d6b1f4e703468e6b.ssl.cf2.rackcdn.com/products/pictures/1169143.jpg
34;Psychic;Starmie;;https://52f4e29a8321344e30ae-0f55c9129972ac85d6b1f4e703468e6b.ssl.cf2.rackcdn.com/products/pictures/1125500.jpg
35;Psychic;Misdreavus;;https://52f4e29a8321344e30ae-0f55c9129972ac85d6b1f4e703468e6b.ssl.cf2.rackcdn.com/products/pictures/1091164.jpg
36;Psychic;Celebi;;https://52f4e29a8321344e30ae-0f55c9129972ac85d6b1f4e703468e6b.ssl.cf2.rackcdn.com/products/pictures/1095418.jpg
37;Fighting;Geodude;;https://52f4e29a8321344e30ae-0f55c9129972ac85d6b1f4e703468e6b.ssl.cf2.rackcdn.com/products/pictures/1169109.jpg
38;Fighting;Swinub;;https://52f4e29a8321344e30ae-0f55c9129972ac85d6b1f4e703468e6b.ssl.cf2.rackcdn.com/products/pictures/1169140.jpg
39;Fighting;Graveler;;https://52f4e29a8321344e30ae-0f55c9129972ac85d6b1f4e703468e6b.ssl.cf2.rackcdn.com/products/pictures/1125485.jpg
40;Fighting;Shuckle;;https://52f4e29a8321344e30ae-0f55c9129972ac85d6b1f4e703468e6b.ssl.cf2.rackcdn.com/products/pictures/1169131.jpg
41;Fighting;Piloswine;;https://52f4e29a8321344e30ae-0f55c9129972ac85d6b1f4e703468e6b.ssl.cf2.rackcdn.com/products/pictures/1169121.jpg
42;Fighting;Aerodactyl;;https://52f4e29a8321344e30ae-0f55c9129972ac85d6b1f4e703468e6b.ssl.cf2.rackcdn.com/products/pictures/1104955.jpg
43;Darkness;Murkrow;;https://52f4e29a8321344e30ae-0f55c9129972ac85d6b1f4e703468e6b.ssl.cf2.rackcdn.com/products/pictures/1125490.jpg
44;Darkness;Houndoom;;https://52f4e29a8321344e30ae-0f55c9129972ac85d6b1f4e703468e6b.ssl.cf2.rackcdn.com/products/pictures/1111067.jpg
45;Metal;Magneton;;https://52f4e29a8321344e30ae-0f55c9129972ac85d6b1f4e703468e6b.ssl.cf2.rackcdn.com/products/pictures/1104966.jpg
46;Colorless;Farfetch'd;;https://52f4e29a8321344e30ae-0f55c9129972ac85d6b1f4e703468e6b.ssl.cf2.rackcdn.com/products/pictures/1169107.jpg
47;Colorless;Aipom;;https://52f4e29a8321344e30ae-0f55c9129972ac85d6b1f4e703468e6b.ssl.cf2.rackcdn.com/products/pictures/1169104.jpg
48;Colorless;Snubbull;;https://52f4e29a8321344e30ae-0f55c9129972ac85d6b1f4e703468e6b.ssl.cf2.rackcdn.com/products/pictures/1169136.jpg
49;Colorless;Stantler;;https://52f4e29a8321344e30ae-0f55c9129972ac85d6b1f4e703468e6b.ssl.cf2.rackcdn.com/products/pictures/1169137.jpg
50;Colorless;Delibird;;https://52f4e29a8321344e30ae-0f55c9129972ac85d6b1f4e703468e6b.ssl.cf2.rackcdn.com/products/pictures/1106440.jpg
51;Colorless;Porygon2;;https://52f4e29a8321344e30ae-0f55c9129972ac85d6b1f4e703468e6b.ssl.cf2.rackcdn.com/products/pictures/1104975.jpg
52;Colorless;Blissey;;https://52f4e29a8321344e30ae-0f55c9129972ac85d6b1f4e703468e6b.ssl.cf2.rackcdn.com/products/pictures/1125480.jpg
53;NoColor;Old Rod;;https://52f4e29a8321344e30ae-0f55c9129972ac85d6b1f4e703468e6b.ssl.cf2.rackcdn.com/products/pictures/1169118.jpg
54;NoColor;Healing Field;;https://52f4e29a8321344e30ae-0f55c9129972ac85d6b1f4e703468e6b.ssl.cf2.rackcdn.com/products/pictures/1169112.jpg
55;NoColor;Balloon Berry;;https://52f4e29a8321344e30ae-0f55c9129972ac85d6b1f4e703468e6b.ssl.cf2.rackcdn.com/products/pictures/1169105.jpg
56;NoColor;Pok√©mon Breeder Fields;;https://52f4e29a8321344e30ae-0f55c9129972ac85d6b1f4e703468e6b.ssl.cf2.rackcdn.com/products/pictures/1169122.jpg
57;NoColor;Rocket's Hideout;;https://52f4e29a8321344e30ae-0f55c9129972ac85d6b1f4e703468e6b.ssl.cf2.rackcdn.com/products/pictures/1169127.jpg